"Reference","Qty","Value","Footprint","MFG Name","MFG Part Num","Mouser"
"BT9","1","CR2032","Raemixx500:Battery_Holder_Coin_2032_BS-7","EAGLE PLASTIC DEVICES","122-2420-GR","122-2420-GR"
"C1,C2,C3,C4,C5,C6,C9,C11,C13,C14,C18,C19,C20,C40,C41,C42,C804","17","330n","Raemixx500:C_Axial_L6.3mm_D2.5mm_P10.16mm","KEMET","C440C334K5R5TA7200","80-C440C334K5R-TR "
"C7,C8,C10,C12,C15,C16,C17,C21,C32,C33,C34,C35,C36,C37,C701,C800,C801,C802,C803","19","10n","Raemixx500:C_Axial_L6.3mm_D2.5mm_P10.16mm","KEMET","C410C103K1R5TA ","80-C410C103K1R"
"C39,C308,C713","3","10n","Raemixx500:C_Axial_L9.0mm_D3.2mm_P12.70mm","KEMET","C410C103K1R5TA ","80-C410C103K1R"
"C301,C302,C305,C325,C335,C501,C502","7","330n","Raemixx500:C_Axial_L9.0mm_D3.2mm_P12.70mm","KEMET","C440C334K5R5TA7200","80-C440C334K5R-TR "
"C303,C304","2","22u","Capacitor_THT:CP_Radial_D5.0mm_P2.50mm","PANASONIC","ECA-1EM220I ","667-ECA-1EM220I "
"C306,C712","2","10u","Capacitor_THT:CP_Radial_D5.0mm_P2.50mm","PANASONIC","ECA-1EM100I ","667-ECA-1EM100I "
"C307,C401,C402","3","1000u","Capacitor_THT:CP_Radial_D12.5mm_P5.00mm","PANASONIC","ECA-1EM102 ","667-ECA-1EM102 "
"C311,C312,C313,C314","4","47n","Raemixx500:C_Axial_L9.0mm_D3.2mm_P12.70mm","KEMET","C410C473M5R5TA7200 ","80-C410C473M5R-TR "
"C321,C331,C711","3","100n","Raemixx500:C_Axial_L9.0mm_D3.2mm_P12.70mm","VISHAY","A104K15X7RF5TAA ","594-A104K15X7RF5TAA "
"C322,C332","2","6800p","Raemixx500:C_Axial_L9.0mm_D3.2mm_P12.70mm","KEMET","C410C682K2R5TA7200 ","80-C410C682K2R5TATU "
"C323,C333","2","3900p","Raemixx500:C_Axial_L9.0mm_D3.2mm_P12.70mm","KEMET","C410C392K1R5TA ","80-C410C392K1R "
"C324,C334","2","22u","Capacitor_THT:CP_Radial_D8.0mm_P5.00mm","PANASONIC","ECA-1EM220B ","667-ECA-1EM220B "
"C411,C412,C413,C421,C422,C423","6","1000p","Raemixx500:C_Axial_L9.0mm_D3.2mm_P12.70mm","KEMET","C410C102M5R5TA7200 ","80-C410C102M5R-TR"
"C811,C812,C813,C814,C815,C816","6","100u","Capacitor_THT:CP_Radial_D8.0mm_P5.00mm","PANASONIC","ECA-1VM101B ","667-ECA-1VM101B "
"C821,C822","2","47u","Capacitor_THT:CP_Radial_D8.0mm_P5.00mm","PANASONIC","ECA-1VM470B ","667-ECA-1VM470B "
"C911,E666","2","22p","Raemixx500:C_Axial_L6.3mm_D2.5mm_P10.16mm","KEMET","C410C220J1G5TA ","80-C410C220J1G "
"C913","1","4.7u","Capacitor_THT:CP_Radial_D8.0mm_P5.00mm","PANASONIC","ECA-2AM4R7B ","667-ECA-2AM4R7B"
"CN1","1","LEFT_JOY","Raemixx500:DB_9M","AMPHENOL","L17HTNEP4F1C ","523-L17HTNEP4F1C "
"CN2","1","RIGHT_JOY","Raemixx500:DB_9M","AMPHENOL","L17HTNEP4F1C ","523-L17HTNEP4F1C "
"CN3","1","RIGHT","Raemixx500:SWITCHCRAFT_PJRAN1X1U01X","SWITCHCRAFT","PJRAN1X1U01AUX ","502-PJRAN1X1U01AUX"
"CN4","1","LEFT","Raemixx500:SWITCHCRAFT_PJRAN1X1U01X","SWITCHCRAFT","PJRAN1X1U01AUX ","502-PJRAN1X1U01AUX"
"CN5","1","EXTFLOPPY_DB23F","Raemixx500:DB_23F","COMMODORE","390241-03",""
"CN6","1","SERIAL_DB25M","Raemixx500:DB_25M","AMPHENOL","L717SDB25PA4CH4F ","523-L717SDB25PA4CH4F "
"CN7","1","PARALLEL_DB25F","Raemixx500:DB_25F","AMPHENOL","L77SDB25SA4CH4F ","523-L77SDB25SA4CH4F"
"CN8","1","POWER","Raemixx500:DS215+DIN8_COMBO","COMMODORE","252167-01",""
"CN9","1","VIDEO_DB23M","Raemixx500:DB_23M","COMMODORE","390242-03",""
"CN10","1","COMPOSITE","Raemixx500:SWITCHCRAFT_PJRAN1X1U01X","SWITCHCRAFT","PJRAN1X1U01AUX ","502-PJRAN1X1U01AUX"
"CN11","1","INTERNAL_FLOPPY","Connector_PinHeader_2.54mm:PinHeader_2x17_P2.54mm_Vertical","AMPHENOL","77313-101-34LF","649-77313-101-34LF"
"CN12","1","FLOPPY_POWER","Connector_PinHeader_2.54mm:PinHeader_1x04_P2.54mm_Vertical","TE CONNECTIVITY","171825-4 ","571-1718254 "
"CN13","1","KEYBOARD","Raemixx500:Keyboard_Connector","AMPHENOL","10129378-908003BLF ","649-1012937890803BLF "
"D400,D401,D402,D403","4","SM05","Raemixx500:SOT-23_Handsoldering_NoSilk","DIODES INC","SM05-7","621-SM05-7"
"D501,D911,D912,D913","4","1N4148","Diode_THT:D_DO-35_SOD27_P12.70mm_Horizontal","ONSEMI","1N4148TR","512-1N4148TR "
"E101,E110,E406,E407,E702,E703,E704","7","10n","Raemixx500:EMI_Filter_Short","MURATA","DSS1NB32A103Q91A","81-DSS1NB32A103Q91A "
"E102,E103,E106,E107,E108","5","47p","Raemixx500:C_Axial_L9.0mm_D3.2mm_P12.70mm","VISHAY","A470J15C0GF5TAA ","594-A470J15C0GF5TAA"
"E104,E105,FB101","3","68","Raemixx500:EMI_Filter_Long","YAGEO","MFR-25FBF52-68R ","603-MFR-25FBF52-68R "
"E109,E791,E792,E793,E794","5","47p","Raemixx500:C_Axial_L6.3mm_D2.5mm_P10.16mm","VISHAY","A470J15C0GF5TAA ","594-A470J15C0GF5TAA"
"E302,E303","2","6800p","Raemixx500:EMI_Filter_Short","MURATA","DSS1NB32A682Q91A","81-DSS1NB32A682Q91A "
"E305,E306","2","270p","Raemixx500:EMI_Filter_Long","MURATA","DSS1NB32A271Q91A","81-DSS1NB32A271Q91A"
"E401,E403,E404,E405,E408,E601,E602","7","10n","Raemixx500:EMI_Filter_Long","MURATA","DSS1NB32A103Q91A","81-DSS1NB32A103Q91A "
"E402,E434","2","150p","Raemixx500:EMI_Filter_Long","MURATA","DSS1NB32A151Q91A ","81-DSS1NB32A151Q91A "
"E411,E412,E413,E414,E421,E422,E423,E424","8","6800p","Raemixx500:EMI_Filter_Long","MURATA","DSS1NB32A682Q91A","81-DSS1NB32A682Q91A "
"E415,E416,E417,E425,E426,E427,E441,E442,E443,E444","10","470p","Raemixx500:EMI_Filter_Long","MURATA","DSS1NB32A471Q91A","81-DSS1NB32A471Q91A "
"E431,E432,E433,E435","4","FERR","Raemixx500:EMI_Filter_Long","ABRACON","ALFB-02 ","815-ALFB-02 "
"E501,E502,E503","3","47 1/2W","Raemixx500:EMI_Filter_Longer","VISHAY","PR01000104709JA500 ","594-PR01000104709JA5"
"E511,E512,E513,E514,E515,E516,E517,E518,E519,E521,E522,E523,E524,E611,E612,E613,E614,E615,E616,E617,E618,E619,E620,E621,E622,E623,E624,E625,E626,E631,E632","31","100p","Raemixx500:EMI_Filter_Short","MURATA","DSS1NB32A101Q91A ","81-DSS1NB32A101Q91A "
"E520,E531,E533,E535,E536,E537,E538","7","470p","Raemixx500:EMI_Filter_Short","MURATA","DSS1NB32A471Q91A","81-DSS1NB32A471Q91A "
"E532,E534","2","150p","Raemixx500:EMI_Filter_Short","MURATA","DSS1NB32A151Q91A ","81-DSS1NB32A151Q91A "
"FB102","1","150","Raemixx500:EMI_Filter_Long","YAGEO","MFR-25FBF52-150R","603-MFR-25FBF52-150R"
"FB802","1","Ferrite_Bead_Small","Raemixx500:Ferrite_Axial_L9.0mm_D3.2mm_P12.70mm","FAIR-RITE","2743007111 ","623-2743007111 "
"HY1","1","VIDIOT","Connector_PinHeader_2.54mm:PinHeader_1x22_P2.54mm_Vertical","DVW/SUKKOPERA","OpenAmigaVideoHybrid-04",""
"J99","1","HD_ACT","Connector_PinHeader_2.54mm:PinHeader_1x02_P2.54mm_Vertical","AMPHENOL","10129378-902003BLF ","649-1012937890203BLF "
"LF99","1","CM4545Z131B-10","Raemixx500:CM4545Z131B-10","LAIRD","CM4545Z131B-10","875-CM4545Z131B-10 "
"P9","1","TRAPDOOR","Raemixx500:Trapdoor","ADAM TECH","PH2RA-80-UA ","737-PH2RA-80-UA "
"Q301,Q502,Q503","3","2N3906","Package_TO_SOT_THT:TO-92L_Inline_Wide","ONSEMI","2N3906BU ","512-2N3906BU "
"Q321,Q331","2","MPF102 / J113","Package_TO_SOT_THT:TO-92L_Inline_Wide","ONSEMI","J113","512-J113 "
"Q501,Q504,Q711","3","2N3904","Package_TO_SOT_THT:TO-92L_Inline_Wide","ONSEMI","2N3904BU ","512-2N3904BU"
"R101,R102","2","27","Raemixx500:R_Axial_DIN0309_L9.0mm_D3.2mm_P12.70mm_Horizontal","YAGEO","MFR-25FBF52-27R","603-MFR-25FBF52-27R "
"R103,R104,R105,R106,R107,R113","6","47","Raemixx500:R_Axial_DIN0309_L9.0mm_D3.2mm_P12.70mm_Horizontal","YAGEO","MFR-25FBF52-47R","603-MFR-25FBF52-47R "
"R109,R111,R112,R114,R206,R207,R208,R209,R210","9","68","Raemixx500:R_Axial_DIN0309_L9.0mm_D3.2mm_P12.70mm_Horizontal","YAGEO","MFR-25FBF52-68R ","603-MFR-25FBF52-68R "
"R191,R192,R303,R304,R305,R324,R334,R713,R915,R916","10","1k","Raemixx500:R_Axial_DIN0309_L9.0mm_D3.2mm_P12.70mm_Horizontal","YAGEO","MFR-25FBF52-1K","603-MFR-25FBF52-1K "
"R201,R204,R205,R402,R403,R404,R503,R508","8","4.7k","Raemixx500:R_Axial_DIN0309_L9.0mm_D3.2mm_P12.70mm_Horizontal","YAGEO","MFR-25FBF52-4K7 ","603-MFR-25FBF52-4K7 "
"R301,R302","2","10","Raemixx500:R_Axial_DIN0309_L9.0mm_D3.2mm_P12.70mm_Horizontal","YAGEO","MFR-25FBF52-10R ","603-MFR-25FBF52-10R"
"R306,R308,R322,R323,R332,R333,R339,R501,R504,R505,R506,R509,R510,R914","14","10K","Raemixx500:R_Axial_DIN0309_L9.0mm_D3.2mm_P12.70mm_Horizontal","YAGEO","MFR-25FBF52-10K","603-MFR-25FBF52-10K"
"R307,R502","2","2.7k","Raemixx500:R_Axial_DIN0309_L9.0mm_D3.2mm_P12.70mm_Horizontal","YAGEO","MFR-25FBF52-2K7","603-MFR-25FBF52-2K7"
"R309","1","1","Resistor_THT:R_Axial_DIN0309_L9.0mm_D3.2mm_P15.24mm_Horizontal","VISHAY","PR01000101008JA500","594-PR01000101008JA5"
"R321,R331","2","360","Raemixx500:R_Axial_DIN0309_L9.0mm_D3.2mm_P12.70mm_Horizontal","YAGEO","MFR-25FRF52-360R","603-MFR-25FRF52-360R "
"R325,R335","2","390","Raemixx500:R_Axial_DIN0309_L9.0mm_D3.2mm_P12.70mm_Horizontal","YAGEO","MFR-25FBF52-390R","603-MFR-25FBF52-390R"
"R326,R336","2","470k","Raemixx500:R_Axial_DIN0309_L9.0mm_D3.2mm_P12.70mm_Horizontal","YAGEO","MFR-25FBF52-470K","603-MFR-25FBF52-470K"
"R401,R406,R408","3","4.7","Resistor_THT:R_Axial_DIN0309_L9.0mm_D3.2mm_P15.24mm_Horizontal","VISHAY","PR01000104708JA500 ","594-PR01000104708JA5"
"R405","1","0.47","Resistor_THT:R_Axial_DIN0309_L9.0mm_D3.2mm_P15.24mm_Horizontal","VISHAY","PR01000104707JA500 ","594-PR01000104707JA5 "
"R409","1","150","Resistor_THT:R_Axial_DIN0309_L9.0mm_D3.2mm_P12.70mm_Horizontal","YAGEO","MFR-25FBF52-150R","603-MFR-25FBF52-150R"
"R507","1","100","Raemixx500:R_Axial_DIN0309_L9.0mm_D3.2mm_P12.70mm_Horizontal","YAGEO","MFR-25FBF52-100R","603-MFR-25FBF52-100R"
"R711","1","1M","Raemixx500:R_Axial_DIN0309_L9.0mm_D3.2mm_P12.70mm_Horizontal","YAGEO","MFR-25FBF52-1M","603-MFR-25FBF52-1M"
"R712","1","47k","Raemixx500:R_Axial_DIN0309_L9.0mm_D3.2mm_P12.70mm_Horizontal","YAGEO","MFR-25FBF52-47K","603-MFR-25FBF52-47K"
"R911","1","470","Raemixx500:R_Axial_DIN0309_L9.0mm_D3.2mm_P12.70mm_Horizontal","YAGEO","MFR-25FBF52-470R","603-MFR-25FBF52-470R"
"RP101,RP102,RP105,RP106,RP107,RP401","6","4.7k","Resistor_THT:R_Array_SIP10","BOURNS","4610X-101-472LF ","652-4610X-1LF-4.7K"
"RP103","1","39","Resistor_THT:R_Array_SIP10","BOURNS","4610X-102-390LF","652-4610X-2LF-39"
"RP104","1","470","Resistor_THT:R_Array_SIP10","BOURNS","4610X-101-471LF ","652-4610X-1LF-470 "
"RP201,RP202,RP203","3","68","Resistor_THT:R_Array_SIP10","BOURNS","4610X-102-680LF ","652-4610X-2LF-68 "
"RP402,RP403","2","47","Resistor_THT:R_Array_SIP10","BOURNS","4610X-102-470LF","652-4610X-2LF-47"
"RP501","1","10K","Resistor_THT:R_Array_SIP10","BOURNS","4610X-101-103LF","652-4610X-1LF-10K "
"TC9","1","12pF - 40pF","Raemixx500:VariCap","","JML06-1 / 40PF / YELLOW",""
"U1","1","68000D","Package_DIP:DIP-64_W22.86mm_Socket_LongPads","MILL-MAX","110-93-964-41-001000","575-193964 "
"U2","1","FAT_AGNUS_8375","Package_LCC:PLCC-84_THT-Socket","MILL-MAX","940-44-084-24-000000 ","575-948424 "
"U3","1","PAULA","Package_DIP:DIP-48_W15.24mm_Socket_LongPads","3M","4848-6000-CP ","517-4848-6000-CP "
"U4","1","DENISE","Package_DIP:DIP-48_W15.24mm_Socket_LongPads","3M","4848-6000-CP ","517-4848-6000-CP "
"U5","1","GARY_5719","Package_DIP:DIP-48_W15.24mm_Socket_LongPads","3M","4848-6000-CP ","517-4848-6000-CP "
"U6","1","ROM","Package_DIP:DIP-42_W15.24mm_Socket_LongPads","3M","4842-6000-CP ","517-4842-6000-CP "
"U7,U8","2","VIA_8520","Package_DIP:DIP-40_W15.24mm_Socket_LongPads","3M","4840-6000-CP ","517-4840-6000-CP "
"U9","1","MSM6242B","Package_DIP:DIP-18_W7.62mm_Socket_LongPads","3M","4818-3000-CP ","517-4818-3000-CP "
"U10,U12","2","74LS244","Package_DIP:DIP-20_W7.62mm_LongPads","TI","SN74LS244N ","595-SN74LS244N "
"U11,U13","2","74LS373","Package_DIP:DIP-20_W7.62mm_LongPads","TI","SN74LS373N","595-SN74LS373N "
"U14","1","LF347","Package_DIP:DIP-14_W7.62mm_LongPads","TI","LF347N ","595-LF347N "
"U15","1","74LS157","Package_DIP:DIP-16_W7.62mm_LongPads","TI","SN74LS157N ","595-SN74LS157N "
"U16","1","SIMM","Raemixx500:SIMM_TE_Connectivity_5822134-3","TE CONNECTIVITY","5822134-3","571-5822134-3 "
"U17","1","74F08","Package_DIP:DIP-14_W7.62mm_LongPads","TI","SN74F08N ","595-SN74F08N "
"U18","1","74F74","Package_DIP:DIP-14_W7.62mm_LongPads","TI","SN74F74N ","595-SN74F74N "
"U19","1","74F00","Package_DIP:DIP-14_W7.62mm_LongPads","TI","SN74F00N ","595-SN74F00N "
"U32","1","74F139","Package_DIP:DIP-16_W7.62mm_LongPads","TI","CD74ACT139E ","595-CD74ACT139E "
"U33","1","74F258","Package_DIP:DIP-16_W7.62mm_LongPads","TI","SN74F258N ","595-SN74F258N "
"U34,U35","2","74F244","Package_DIP:DIP-20_W7.62mm_LongPads","TI","SN74F244N ","595-SN74F244N "
"U36","1","74LS05","Package_DIP:DIP-14_W7.62mm_LongPads","TI","SN74LS05N ","595-SN74LS05N "
"U37","1","74LS32","Package_DIP:DIP-14_W7.62mm_LongPads","TI","SN74LS32N ","595-SN74LS32N "
"U38","1","MC1488","Package_DIP:DIP-14_W7.62mm_LongPads","TI","SN75C188N ","595-SN75C188N "
"U39","1","MC1489","Package_DIP:DIP-14_W7.62mm_LongPads","TI","SN75C189N ","595-SN75C189N "
"U40,U41","2","74HCT245","Package_DIP:DIP-20_W7.62mm_LongPads","TI","SN74HCT245N ","595-SN74HCT245N "
"U42","1","NE555","Package_DIP:DIP-8_W7.62mm_LongPads","TI","SA555P ","595-SA555P "
"X1","1","XTAL","Oscillator:Oscillator_DIP-14","","",""
"Y9","1","32.768kHz","Raemixx500:Crystal_RTC","ECS","ECS-.327-12.5-13X ","520-TFC2X6-X "
