Designator,Footprint,Quantity,Value,LCSC Part #
BT9,Battery_Holder_Coin_2032_BS-7,1,CR2032,
"C1, C11, C13, C14, C16, C17, C18, C19, C2, C20, C3, C4, C40, C41, C42, C5, C6, C804, C9",C_Axial_L6.3mm_D2.5mm_P10.16mm,19,330n,
"C10, C12, C15, C32, C33, C34, C35, C36, C37, C7, C701, C8, C800, C801, C802, C803",C_Axial_L6.3mm_D2.5mm_P10.16mm,16,10n,
"C301, C302, C305, C325, C335, C501, C502",C_Axial_L9.0mm_D3.2mm_P12.70mm,7,330n,
"C303, C304",CP_Radial_D5.0mm_P2.50mm,2,22u,
"C306, C712",CP_Radial_D5.0mm_P2.50mm,2,10u,
"C307, C401, C402",CP_Radial_D12.5mm_P5.00mm,3,1000u,
"C308, C39, C713",C_Axial_L9.0mm_D3.2mm_P12.70mm,3,10n,
"C311, C312, C313, C314",C_Axial_L9.0mm_D3.2mm_P12.70mm,4,47n,
"C321, C331, C711",C_Axial_L9.0mm_D3.2mm_P12.70mm,3,100n,
"C322, C332",C_Axial_L9.0mm_D3.2mm_P12.70mm,2,6800p,
"C323, C333",C_Axial_L9.0mm_D3.2mm_P12.70mm,2,3900p,
"C324, C334",CP_Radial_D8.0mm_P5.00mm,2,22u,
C403,VariCap,1,47p,
"C411, C412, C413, C421, C422, C423",C_Axial_L9.0mm_D3.2mm_P12.70mm,6,1000p,
"C811, C812, C813, C814, C815, C816",CP_Radial_D8.0mm_P5.00mm,6,100u,
"C821, C822",CP_Radial_D8.0mm_P5.00mm,2,47u,
"C911, E666",C_Axial_L6.3mm_D2.5mm_P10.16mm,2,22p,
C913,CP_Radial_D8.0mm_P5.00mm,1,4.7u,
"C94, C99",C_Axial_L6.3mm_D2.5mm_P10.16mm,2,100n,
CN1,DB_9M,1,LEFT_JOY,
CN10,SWITCHCRAFT_PJRAN1X1U01X,1,COMPOSITE,
CN11,IDC-Header_2x17_P2.54mm_Vertical,1,INTERNAL_FLOPPY,
CN12,PinHeader_1x04_P2.54mm_Vertical,1,FLOPPY_POWER,
CN13,Keyboard_Connector,1,KEYBOARD,
CN14,PinHeader_1x04_P2.54mm_Vertical,1,IDE_POWER,
CN15,PinHeader_1x04_P2.54mm_Vertical,1,IDE_I/F,
CN2,DB_9M,1,RIGHT_JOY,
CN3,SWITCHCRAFT_PJRAN1X1U01X,1,RIGHT,
CN4,SWITCHCRAFT_PJRAN1X1U01X,1,LEFT,
CN5,DB_23F,1,EXTFLOPPY_DB23F,
CN6,DB_25M,1,SERIAL_DB25M,
CN7,DB_25F,1,PARALLEL_DB25F,
CN8,DS215+DIN8_COMBO,1,POWER,
CN9,DB_23M,1,VIDEO_DB23M,
"D501, D911, D912, D913",D_DO-35_SOD27_P12.70mm_Horizontal,4,1N4148,
"E101, E110, E406, E407, E702, E703, E704",EMI_Filter_Short,7,10n,
"E102, E103, E106, E107, E108",C_Axial_L9.0mm_D3.2mm_P12.70mm,5,47p,
"E104, E105, FB101",EMI_Filter_Long,3,68,
"E109, E791, E792, E793, E794",C_Axial_L6.3mm_D2.5mm_P10.16mm,5,47p,
"E302, E303",EMI_Filter_Short,2,6800p,
"E305, E306",EMI_Filter_Long,2,270p,
"E401, E403, E404, E405, E408, E601, E602",EMI_Filter_Long,7,10n,
"E402, E434",EMI_Filter_Long,2,150p,
"E411, E412, E413, E414, E421, E422, E423, E424",EMI_Filter_Long,8,6800p,
"E415, E416, E417, E425, E426, E427, E441, E442, E443, E444",EMI_Filter_Long,10,470p,
"E431, E432, E433, E435",EMI_Filter_Long,4,FERR,
"E501, E502, E503",EMI_Filter_Longer,3,47 1/2W,
"E511, E512, E513, E514, E515, E516, E517, E518, E519, E521, E522, E523, E524, E611, E612, E613, E614, E615, E616, E617, E618, E619, E620, E621, E622, E623, E624, E625, E626, E631, E632",EMI_Filter_Short,31,100p,
"E520, E531, E533, E535, E536, E537, E538",EMI_Filter_Short,7,470p,
"E532, E534",EMI_Filter_Short,2,150p,
FB102,EMI_Filter_Long,1,150,
FB802,Ferrite_Axial_L9.0mm_D3.2mm_P12.70mm,1,Ferrite_Bead_Small,
HY1,PinHeader_1x22_P2.54mm_Vertical,1,VIDIOT,
HY2,PinHeader_1x03_P2.54mm_Vertical,1,COLOR_ANNEX,
J90,DriveSwitchHeader,1,DRIVE_SWITCHER,
"J91, J92, J93",Dispatcher_3to1,3,Dispatcher_3to1,
J99,PinHeader_1x01_P2.54mm_Vertical,1,CONN_HDACT,
"JP1, JP10A1, JP10B1, JP99H1, JP99V1",Jumper2-Bridged,5,Jumper_2_Bridged,
JP11,Jumper3-Bridged12,1,Jumper_3_Bridged12,
"JP201, JP7B1, JP8",Jumper3-Bridged23,3,Jumper_3_Bridged23,
JP7A1,Jumper3-Open,1,Jumper_3_Open,
JP9,Jumper2-Open,1,Jumper_2_Open,
LF1,LineFilter,1,L,
LF99,CM4545Z131B-10,1,CM4545Z131B-10,
"MT1, MT2, MT4, MT5, MT6, MT7",MountingHole_4mm_Pad,6,MountingHole_Pad,
P1,A500_SIDE_SLOT,1,EXPANSION BUS,
P9,Trapdoor,1,TRAPDOOR,
"Q301, Q502, Q503, Q99",TO-92L_Inline_Wide,4,2N3906,
"Q321, Q331",TO-92L_Inline_Wide,2,MPF102,
"Q501, Q711",TO-92L_Inline_Wide,2,2N3904,
"Q921, Q931",SOT-23_LongerPads,2,MMBFJ113,
"R101, R102",R_Axial_DIN0309_L9.0mm_D3.2mm_P12.70mm_Horizontal,2,27,
"R103, R104, R105, R106, R107, R113",R_Axial_DIN0309_L9.0mm_D3.2mm_P12.70mm_Horizontal,6,47,
"R109, R111, R112, R114, R206, R207, R208, R209, R210",R_Axial_DIN0309_L9.0mm_D3.2mm_P12.70mm_Horizontal,9,68,
"R191, R192, R303, R304, R305, R324, R334, R713, R915, R916",R_Axial_DIN0309_L9.0mm_D3.2mm_P12.70mm_Horizontal,10,1k,
"R201, R204, R205, R402, R403, R404, R503, R504",R_Axial_DIN0309_L9.0mm_D3.2mm_P12.70mm_Horizontal,8,4.7k,
"R301, R302",R_Axial_DIN0309_L9.0mm_D3.2mm_P12.70mm_Horizontal,2,10,
"R306, R308, R322, R323, R332, R333, R339, R501, R505, R506, R914, R98",R_Axial_DIN0309_L9.0mm_D3.2mm_P12.70mm_Horizontal,12,10k,
"R307, R502",R_Axial_DIN0309_L9.0mm_D3.2mm_P12.70mm_Horizontal,2,2.7k,
R309,R_Axial_DIN0309_L9.0mm_D3.2mm_P15.24mm_Horizontal,1,10,
"R321, R331",R_Axial_DIN0309_L9.0mm_D3.2mm_P12.70mm_Horizontal,2,360,
"R325, R335",R_Axial_DIN0309_L9.0mm_D3.2mm_P12.70mm_Horizontal,2,390,
"R326, R336",R_Axial_DIN0309_L9.0mm_D3.2mm_P12.70mm_Horizontal,2,470k,
"R401, R406, R408",R_Axial_DIN0309_L9.0mm_D3.2mm_P15.24mm_Horizontal,3,4.7,
R405,R_Axial_DIN0309_L9.0mm_D3.2mm_P15.24mm_Horizontal,1,0.47,
R409,R_Axial_DIN0309_L9.0mm_D3.2mm_P12.70mm_Horizontal,1,150,
R507,R_Axial_DIN0309_L9.0mm_D3.2mm_P12.70mm_Horizontal,1,100,
R711,R_Axial_DIN0309_L9.0mm_D3.2mm_P12.70mm_Horizontal,1,1M,
"R712, R99",R_Axial_DIN0309_L9.0mm_D3.2mm_P12.70mm_Horizontal,2,47k,
R911,R_Axial_DIN0309_L9.0mm_D3.2mm_P12.70mm_Horizontal,1,470,
"RP101, RP102, RP105, RP106, RP107, RP108, RP109, RP110, RP111, RP401",R_Array_SIP10,10,4.7k,
RP103,R_Array_SIP10,1,39,
RP104,R_Array_SIP10,1,470,
"RP201, RP202, RP203",R_Array_SIP10,3,68,
"RP402, RP403",R_Array_SIP10,2,47,
RP501,R_Array_SIP10,1,10k,
TC9,VariCap,1,6.8-45p,
U1,DIP-64_W22.86mm_Socket_LongPads,1,68000D,
"U10, U12, U34, U35",DIP-20_W7.62mm_Socket_LongPads,4,74LS244,
"U11, U13",DIP-20_W7.62mm_Socket_LongPads,2,74LS373,
U14,DIP-14_W7.62mm_Socket_LongPads,1,LF347,
U15,DIP-16_W7.62mm_Socket_LongPads,1,74LS157,
U16,SIMM_TE_Connectivity_5822134-3,1,SIMM,
U17,DIP-14_W7.62mm_Socket_LongPads,1,74LS08,
U18,DIP-14_W7.62mm_Socket_LongPads,1,74LS74,
U19,DIP-14_W7.62mm_Socket_LongPads,1,74F00,
U2,PLCC-84_THT-Socket,1,FAT_AGNUS_8375,
U3,DIP-48_W15.24mm_Socket_LongPads,1,PAULA,
U32,DIP-16_W7.62mm_Socket_LongPads,1,74LS139,
U33,DIP-16_W7.62mm_Socket_LongPads,1,74LS258,
U36,DIP-14_W7.62mm_Socket_LongPads,1,74LS05,
U37,DIP-14_W7.62mm_Socket_LongPads,1,74LS32,
U38,DIP-14_W7.62mm_Socket_LongPads,1,MC1488,
U39,DIP-14_W7.62mm_Socket_LongPads,1,MC1489,
U4,DIP-48_W15.24mm_Socket_LongPads,1,DENISE,
"U40, U41",DIP-20_W7.62mm_Socket_LongPads,2,74LS245,
U42,DIP-8_W7.62mm_Socket_LongPads,1,NE555,
U5,DIP-48_W15.24mm_Socket_LongPads,1,GARY_5719,
U6,DIP-42_W15.24mm_Socket_LongPads,1,ROM,
"U7, U8",DIP-40_W15.24mm_Socket_LongPads,2,VIA_8520,
U9,DIP-18_W7.62mm_Socket_LongPads,1,MSM6242B,
"U90, U91, U92, U93",TSOP-6_Handsolder,4,DT1042,
U94,SOIC-14_3.9x8.7mm_P1.27mm,1,74HCT14,
V0,cc_by_nc_sa,1,OSHW_LOGO,
V1,KiCad-Logo2_6mm_SilkScreen,1,KICAD_LOGO,
V2,Logo,1,PROJ_LOGO,
X1,Oscillator_DIP-14,1,XTAL,
Y9,Crystal_RTC,1,32768,
