Designator,Mid X,Mid Y,Rotation,Layer
BT9,231.192,108.077,0.0,top
C1,47.8155,88.646,90.0,top
C10,179.8955,109.855,90.0,top
C11,174.8155,86.2233,90.0,top
C12,215.5825,108.712,90.0,top
C13,210.5025,85.09,90.0,top
C14,16.7005,89.916,90.0,top
C15,297.2435,191.643,90.0,top
C16,76.2,11.43,180.0,top
C17,60.96,11.43,180.0,top
C18,134.619999,39.37,180.0,top
C19,119.380001,36.195,0.0,top
C2,130.170501,123.950999,0.0,top
C20,198.120001,39.37,0.0,top
C3,97.092501,146.236001,90.0,top
C301,283.9085,107.992336,0.0,top
C302,283.9085,104.79617,180.0,top
C303,270.8475,111.188502,180.0,top
C304,270.937275,104.14,0.0,top
C305,283.9085,114.384668,180.0,top
C306,300.463388,107.992336,0.0,top
C307,90.6545,158.623,180.0,top
C308,300.4185,146.177,0.0,top
C311,107.221501,173.668001,90.0,top
C312,111.0615,173.668001,90.0,top
C313,118.6815,173.668001,90.0,top
C314,114.8715,173.668001,90.0,top
C32,180.34,27.305,90.0,top
C321,267.2715,116.332,180.0,top
C322,267.2715,122.682,180.0,top
C323,267.2715,130.23,180.0,top
C324,266.6365,218.861,270.0,top
C325,274.8915,222.758,90.0,top
C33,53.6575,169.164,90.0,top
C331,300.4185,116.374334,0.0,top
C332,300.4185,122.809,0.0,top
C333,300.452501,136.652,0.0,top
C334,285.8135,218.861,270.0,top
C335,291.5285,222.711,90.0,top
C34,106.045,36.195,180.0,top
C35,134.62,36.195,180.0,top
C36,295.2115,207.391,90.0,top
C37,295.3385,172.977,90.0,top
C39,200.3425,209.18898,90.0,top
C4,5.2705,184.531,270.0,top
C40,5.2705,200.406,270.0,top
C401,67.5005,221.4734,90.0,top
C402,11.622199,224.917,0.0,top
C403,94.746501,172.969499,0.0,top
C41,35.8775,201.295,270.0,top
C411,357.8225,208.026,270.0,top
C412,343.8525,208.026,270.0,top
C413,357.8225,231.013,270.0,top
C42,295.3385,158.9435,90.0,top
C421,322.1355,231.013,270.0,top
C422,310.5785,231.013,270.0,top
C423,303.5935,231.013,270.0,top
C5,243.1415,149.4058,90.0,top
C501,300.4185,149.352,180.0,top
C502,272.3515,222.758,90.0,top
C6,81.979501,75.946,90.0,top
C7,95.0595,207.391,270.0,top
C701,66.4845,133.477,0.0,top
C711,262.0645,163.449,0.0,top
C712,265.3865,172.085,180.0,top
C713,262.0645,165.989,0.0,top
C8,207.9625,201.5355,270.0,top
C800,97.5995,232.283,90.0,top
C801,85.5345,213.148334,0.0,top
C802,85.5345,215.730667,0.0,top
C803,85.5345,218.313,180.0,top
C804,85.5345,210.566002,0.0,top
C811,266.6365,203.541,90.0,top
C812,168.4255,68.453,0.0,top
C813,241.7445,129.707,270.0,top
C814,32.0675,43.013,90.0,top
C815,160.8455,129.58,270.0,top
C816,81.4705,126.532,270.0,top
C821,201.6125,193.9555,90.0,top
C822,266.6365,191.476,90.0,top
C9,200.025,59.69,0.0,top
C911,205.105,62.865,180.0,top
C913,262.2785,105.537,0.0,top
C94,62.992,234.95,90.0,top
C99,87.4395,113.03,90.0,top
CN1,348.18574,245.367,180.0,top
CN10,9.3345,245.6455,180.0,top
CN11,232.8985,218.189,270.0,top
CN12,201.6125,219.459,270.0,top
CN13,165.8425,220.094,90.0,top
CN14,201.6125,224.663,270.0,top
CN15,186.8805,164.592,90.0,top
CN2,311.531,245.367,180.0,top
CN3,287.331,245.8995,180.0,top
CN4,271.4805,245.8995,180.0,top
CN5,237.52495,245.367,180.0,top
CN6,179.9805,245.367,180.0,top
CN7,121.4805,245.367,180.0,top
CN8,81.9805,244.814001,0.0,top
CN9,43.02495,245.367,180.0,top
D501,155.6825,195.3275,90.0,top
D911,250.3805,110.617,180.0,top
D912,250.3805,108.077,180.0,top
D913,250.3805,102.743,180.0,top
E101,119.9515,123.952,90.0,top
E102,222.6945,128.397,90.0,top
E103,47.8155,74.676,270.0,top
E104,51.1175,150.5585,180.0,top
E105,51.1175,146.7485,180.0,top
E106,182.4355,128.397,270.0,top
E107,184.9755,128.397,270.0,top
E108,187.5155,128.397,270.0,top
E109,299.974,191.643,270.0,top
E110,77.2795,134.6835,180.0,top
E302,267.9065,230.378,180.0,top
E303,287.7185,230.378,180.0,top
E305,257.1115,140.462,270.0,top
E306,253.3015,140.462,270.0,top
E401,350.8375,231.013,90.0,top
E402,59.436,230.378,90.0,top
E403,20.5105,230.378,90.0,top
E404,24.3205,230.378,90.0,top
E405,28.1305,230.378,90.0,top
E406,68.3895,202.311,0.0,top
E407,60.0075,162.814,270.0,top
E408,325.9455,231.013,90.0,top
E411,354.6475,208.026,90.0,top
E412,350.8375,208.026,90.0,top
E413,360.9975,231.013,90.0,top
E414,347.0275,208.026,90.0,top
E415,360.9975,208.026,90.0,top
E416,354.6475,231.013,90.0,top
E417,340.6775,208.026,90.0,top
E421,318.1985,213.106,90.0,top
E422,318.1985,231.013,90.0,top
E423,314.3885,213.106,90.0,top
E424,314.3885,231.013,90.0,top
E425,322.0085,213.106,90.0,top
E426,300.4185,231.013,90.0,top
E427,306.7685,231.013,90.0,top
E431,52.3875,230.378,90.0,top
E432,48.5775,230.378,90.0,top
E433,44.7675,230.378,90.0,top
E434,31.9405,230.378,90.0,top
E435,40.9575,230.378,90.0,top
E441,286.9565,181.229,180.0,top
E442,286.9565,185.039,180.0,top
E443,260.1595,185.039,180.0,top
E444,260.1595,181.229,180.0,top
E501,110.4265,224.5995,180.0,top
E502,177.927,224.663,180.0,top
E503,158.877,224.663,0.0,top
E511,109.2835,234.98,180.0,top
E512,113.0935,234.98,180.0,top
E513,116.9035,234.98,180.0,top
E514,120.7135,234.98,180.0,top
E515,124.5235,234.98,180.0,top
E516,128.3335,234.98,180.0,top
E517,132.1435,234.98,180.0,top
E518,135.9535,234.98,180.0,top
E519,139.7635,234.98,180.0,top
E520,101.5365,234.98,180.0,top
E521,143.5735,234.98,180.0,top
E522,147.3835,234.98,180.0,top
E523,151.1935,234.98,180.0,top
E524,155.0035,234.98,180.0,top
E531,158.8135,234.98,180.0,top
E532,193.4845,234.98,180.0,top
E533,185.8645,234.98,180.0,top
E534,189.6745,234.98,180.0,top
E535,182.0545,234.98,180.0,top
E536,178.2445,234.98,180.0,top
E537,174.4345,234.98,180.0,top
E538,162.6235,234.98,180.0,top
E601,250.652501,231.133,90.0,top
E602,246.8245,231.14,90.0,top
E611,223.9645,234.98,180.0,top
E612,227.7745,234.98,180.0,top
E613,231.5845,234.98,180.0,top
E614,235.3945,234.98,180.0,top
E615,239.2045,234.98,180.0,top
E616,243.0145,234.98,180.0,top
E617,220.1545,234.98,180.0,top
E618,216.3445,234.98,180.0,top
E619,212.5345,234.98,180.0,top
E620,208.7245,234.98,180.0,top
E621,204.9145,234.98,180.0,top
E622,201.1045,234.98,180.0,top
E623,197.2945,234.98,180.0,top
E624,262.0645,234.98,180.0,top
E625,258.2545,234.98,180.0,top
E626,254.4445,234.98,180.0,top
E631,158.2225,209.870999,270.0,top
E632,158.2225,205.486,90.0,top
E666,37.1475,158.1785,180.0,top
E702,19.193499,149.606,270.0,top
E703,19.193499,145.669,270.0,top
E704,19.193499,141.732,270.0,top
E791,37.1475,154.3685,0.0,top
E792,37.1475,150.5585,0.0,top
E793,37.1475,143.002,0.0,top
E794,37.1475,146.7485,0.0,top
FB101,51.1175,154.372001,180.0,top
FB102,51.1175,158.1785,180.0,top
FB802,283.21,232.283,90.0,top
HY1,35.7945,210.569,90.0,top
HY2,70.231,210.569,90.0,top
J90,240.5185,210.2485,90.0,top
J91,66.9925,115.014999,0.0,top
J92,73.62825,115.014999,0.0,top
J93,80.264,115.014999,0.0,top
J99,195.7705,164.592,0.0,top
LF1,84.2645,227.4645,270.0,top
LF99,84.2645,229.743,270.0,top
P1,-0.27,134.366,270.0,top
P9,218.1225,50.038,0.0,top
Q301,283.9085,145.542,180.0,top
Q321,271.0815,126.9365,180.0,top
Q331,296.6085,126.9365,180.0,top
Q501,158.2475,215.138,180.0,top
Q502,171.0055,215.138,180.0,top
Q503,171.0055,206.756,180.0,top
Q711,276.1615,159.004,180.0,top
Q921,264.4775,126.456,0.0,top
Q931,303.2125,126.456,0.0,top
Q99,171.6845,180.547,180.0,top
R101,227.7745,128.397,270.0,top
R102,235.3945,128.397,270.0,top
R103,109.1565,128.27,270.0,top
R104,111.6965,128.27,270.0,top
R105,106.6165,128.27,270.0,top
R106,101.5365,128.27,270.0,top
R107,104.0765,128.27,270.0,top
R109,82.423,198.4375,180.0,top
R111,179.8955,128.397,270.0,top
R112,230.3145,128.397,270.0,top
R113,225.2345,128.397,270.0,top
R114,190.0555,128.397,90.0,top
R191,114.8715,220.1545,0.0,top
R192,114.8715,216.3445,0.0,top
R201,153.035,33.655,90.0,top
R204,149.86,33.655,90.0,top
R205,143.51,33.654999,270.0,top
R206,146.685,33.655,90.0,top
R207,195.58,28.575,270.0,top
R208,192.405,28.575,270.0,top
R209,66.675,35.56,0.0,top
R210,83.185,35.56,0.0,top
R301,283.9085,111.188502,180.0,top
R302,283.9085,101.600004,0.0,top
R303,283.9085,120.777,180.0,top
R304,283.9085,117.580834,0.0,top
R305,202.8825,209.18898,90.0,top
R306,267.2715,143.637,180.0,top
R307,267.2715,146.812,0.0,top
R308,300.4185,143.002,180.0,top
R309,95.758,130.302,90.0,top
R321,267.2715,119.507,180.0,top
R322,267.2715,136.628,0.0,top
R323,267.2715,133.429,180.0,top
R324,277.4315,222.758,270.0,top
R325,279.9715,222.758,270.0,top
R326,267.2715,139.827,0.0,top
R331,300.4185,119.591667,0.0,top
R332,300.4185,130.302,180.0,top
R333,300.4185,133.477,0.0,top
R334,294.0685,222.711,270.0,top
R335,296.6085,222.711,270.0,top
R336,300.4185,139.827,0.0,top
R339,300.4185,113.157,180.0,top
R401,329.8825,211.836,90.0,top
R402,82.423,200.9775,180.0,top
R403,82.423,203.5175,180.0,top
R404,82.423,195.8975,180.0,top
R405,81.153,206.7306,180.0,top
R406,16.7005,215.0745,0.0,top
R408,325.9455,211.836,90.0,top
R409,9.3345,236.728,180.0,top
R501,158.2225,195.329,270.0,top
R502,160.7625,195.329,270.0,top
R503,163.3025,195.329,90.0,top
R504,168.3825,195.329,270.0,top
R505,165.8425,195.329,270.0,top
R506,170.9225,195.329,90.0,top
R507,173.4625,195.329,90.0,top
R711,262.0645,160.909,180.0,top
R712,262.0645,158.369,180.0,top
R713,281.935501,164.719,0.0,top
R911,250.3805,105.537,0.0,top
R914,186.055,59.69,0.0,top
R915,232.8545,128.397,270.0,top
R916,192.5955,128.397,90.0,top
R98,201.295,174.879,0.0,top
R99,201.295,178.689,0.0,top
RP101,216.281,160.8455,180.0,top
RP102,47.3075,115.316,270.0,top
RP103,42.2275,161.4805,180.0,top
RP104,30.1625,23.876,90.0,top
RP105,207.3969,134.747,180.0,top
RP106,16.7005,110.236,270.0,top
RP107,51.1175,115.316,270.0,top
RP108,16.7005,67.056,270.0,top
RP109,114.3,39.37,0.0,top
RP110,51.7525,59.436,270.0,top
RP111,178.435,39.37,180.0,top
RP201,116.205,21.59,90.0,top
RP202,126.365,21.59,90.0,top
RP203,168.91,35.56,0.0,top
RP401,349.548,197.8055,0.0,top
RP402,40.8745,220.729,180.0,top
RP403,40.8745,217.554,180.0,top
RP501,135.807,218.2525,180.0,top
TC9,208.5975,69.8265,270.0,top
U1,32.0734,89.916,180.0,top
U10,164.5979,108.5753,270.0,top
U11,159.4544,84.9533,270.0,top
U12,200.2849,107.3688,270.0,top
U13,195.2049,83.8103,270.0,top
U14,283.8255,132.845,0.0,top
U15,284.4605,192.7255,270.0,top
U16,148.7925,45.72,180.0,top
U17,53.213,22.601,0.0,top
U18,76.835,22.855,0.0,top
U19,65.024,22.733,0.0,top
U2,109.8355,101.346,270.0,top
U3,130.7524,146.8658,270.0,top
U32,167.639999,27.94,270.0,top
U33,40.9575,168.148,270.0,top
U34,107.315,21.59,0.0,top
U35,135.89,21.59,0.0,top
U36,283.1905,206.121,270.0,top
U37,283.1905,171.707,270.0,top
U38,185.633143,195.2655,270.0,top
U39,185.633143,209.299,270.0,top
U4,38.3599,184.3943,270.0,top
U40,20.5799,201.6663,90.0,top
U41,51.0599,201.6663,90.0,top
U42,287.064,157.6735,270.0,top
U5,209.9369,146.8658,270.0,top
U6,70.2945,75.946,0.0,top
U7,123.107,204.8413,270.0,top
U8,235.9719,196.5228,270.0,top
U9,186.944,67.2465,270.0,top
U90,345.7651,237.363,90.0,top
U91,340.8527,237.363,90.0,top
U92,331.0279,237.363,90.0,top
U93,335.9403,237.363,90.0,top
U94,68.6695,235.7755,270.0,top
V0,331.851,147.701,0.0,top
V2,336.55,174.752,0.0,top
X1,67.7545,146.752001,90.0,top
Y9,202.184,69.723,180.0,top
